content_type,post_id,title,slug,old_url,new_url
program,7441,Super Jumbo Residential Mortgage Loans,super-jumbo-residential-mortgage-loans,http://localhost:8090/loan-programs/super-jumbo-residential-mortgage-loans/,/programs/super-jumbo-residential-mortgage-loans/
program,6980,FHA VOE Only Mortgage Loans,fha-voe-only-mortgage-loans,http://localhost:8090/loan-programs/fha-voe-only-mortgage-loans/,/programs/fha-voe-only-mortgage-loans/
funded-loan,8473,"Hard Money JR LIEN in San Fernando CA, 91340",hard-money-junior-lien-loan-2,http://localhost:8090/funded-loan/hard-money-junior-lien-loan-2/,/funded-loans/hard-money-junior-lien-loan-2/
funded-loan,8469,"FHA HB 30-Year Fixed, Mortgage – Primary ResidenceSanta Clarita, CA 91321Los Angeles, CA 90011",fha-hb-30-year-fixed-mortgage,http://localhost:8090/funded-loan/fha-hb-30-year-fixed-mortgage/,/funded-loans/fha-hb-30-year-fixed-mortgage/
funded-loan,8467,"Conventional 30-Year Fixed Cash-Out Refinance for Investment Property,Los Angeles, CA 90011",conventional-cash-out-refinance-investment-2,http://localhost:8090/funded-loan/conventional-cash-out-refinance-investment-2/,/funded-loans/conventional-cash-out-refinance-investment-2/
funded-loan,8466,"Non QM No Ratio NOO Cash Out Refinance in Highland, CA 92346",nonqm-no-ratio-noo-loan,http://localhost:8090/funded-loan/nonqm-no-ratio-noo-loan/,/funded-loans/nonqm-no-ratio-noo-loan/
funded-loan,8463,"Hard Money Junior Lien Loan, No Cash Out Refinance in Chino, CA 91710",hard-money-junior-lien-loan,http://localhost:8090/funded-loan/hard-money-junior-lien-loan/,/funded-loans/hard-money-junior-lien-loan/
funded-loan,8452," Non QM Profit and Loss Fixed OO In Yuma AZ, 85364",non-qm-pnl-io-fixed-oo,http://localhost:8090/funded-loan/non-qm-pnl-io-fixed-oo/,/funded-loans/non-qm-pnl-io-fixed-oo/
funded-loan,8450,"Non QM No Ratio Cash Out Refinanc, NOO in Landers, CA 92285",non-qm-no-ratio-noo,http://localhost:8090/funded-loan/non-qm-no-ratio-noo/,/funded-loans/non-qm-no-ratio-noo/
funded-loan,8436,"Non-QM Profit and Loss, No Cash-Out Refinance – Fixed Rate, Owner Occupied, in Ontario, CA 91761",hard-money-cash-out-docmagic-2,http://localhost:8090/funded-loan/hard-money-cash-out-docmagic-2/,/funded-loans/hard-money-cash-out-docmagic-2/
funded-loan,8432,"Conventional 30-Year Fixed Cash-Out Refinance – Investment Property in Long Beach, CA 90810",conventional-30-year-fixed-cash-out-refinance-investment,http://localhost:8090/funded-loan/conventional-30-year-fixed-cash-out-refinance-investment/,/funded-loans/conventional-30-year-fixed-cash-out-refinance-investment/
funded-loan,8422,"Conventional 30-Year Fixed Cash-Out Refinance for Investment Property in Los Angeles, CA 90059",conventional-cash-out-refinance-investment,http://localhost:8090/funded-loan/conventional-cash-out-refinance-investment/,/funded-loans/conventional-cash-out-refinance-investment/
funded-loan,8416,"FHA 30 Year Fixed in Forney, TX 75126",fha-30-year-fixed,http://localhost:8090/funded-loan/fha-30-year-fixed/,/funded-loans/fha-30-year-fixed/
funded-loan,8411,"FHA High Balance 30-Year Fixed Mortgage inCalabasas, CA 91302, Los Angeles CA.",fha-high-balance-30-year-fixed,http://localhost:8090/funded-loan/fha-high-balance-30-year-fixed/,/funded-loans/fha-high-balance-30-year-fixed/
funded-loan,8409,"Hard Money Cash Out Refinance in City Terrace, CA 90063",hard-money-cash-out-refinance-in-city-terrace-ca-90063,http://localhost:8090/funded-loan/hard-money-cash-out-refinance-in-city-terrace-ca-90063/,/funded-loans/hard-money-cash-out-refinance-in-city-terrace-ca-90063/
funded-loan,8398,"Non-QM Investor Advantage A+ 30-Year Fixed (Bank Statement) in Redondo Beach, CA 90278",investor-advantage-a-plus-bank-statement,http://localhost:8090/funded-loan/investor-advantage-a-plus-bank-statement/,/funded-loans/investor-advantage-a-plus-bank-statement/
funded-loan,8394,"Non QM No Ratio No Cash Out Refinance in Crestline, CA 92325",non-qm-no-ratio-cash-out-refinance-investment-property-2,http://localhost:8090/funded-loan/non-qm-no-ratio-cash-out-refinance-investment-property-2/,/funded-loans/non-qm-no-ratio-cash-out-refinance-investment-property-2/
funded-loan,8391,"Hard Money- Cash Out Refinance in Los Angeles, CA 90057",fixed-private-money-interest-only-2,http://localhost:8090/funded-loan/fixed-private-money-interest-only-2/,/funded-loans/fixed-private-money-interest-only-2/
funded-loan,8390,"Fixed Rate Private Money Interest-Only Loan (Cash-Out Refinance) in New Philadelphia, OH",fixed-private-money-interest-only,http://localhost:8090/funded-loan/fixed-private-money-interest-only/,/funded-loans/fixed-private-money-interest-only/
funded-loan,8383,"Non QM Profit and Loss Cash Out Refinance Fixed OO in Santa Clarita, CA 91390",non-qm-profit-loss-no-cashout-fixed-owner-occupied-2,http://localhost:8090/funded-loan/non-qm-profit-loss-no-cashout-fixed-owner-occupied-2/,/funded-loans/non-qm-profit-loss-no-cashout-fixed-owner-occupied-2/
funded-loan,8379,"Hard Money Jr Lien Cash-Out Refinance – Short-Term Funding with Equity Hurdle Mills, NC 27541",hard-money-jr-lien-cash-out-refinance-2,http://localhost:8090/funded-loan/hard-money-jr-lien-cash-out-refinance-2/,/funded-loans/hard-money-jr-lien-cash-out-refinance-2/
funded-loan,8374,"Non-QM Bank Statement Program 30 Year in Bell Canyon, CA 91307",non-qm-bank-statement-30-year-fixed-2,http://localhost:8090/funded-loan/non-qm-bank-statement-30-year-fixed-2/,/funded-loans/non-qm-bank-statement-30-year-fixed-2/
funded-loan,8370," Hard Money Jr Lien Cash-Out Refinance – Short-Term Funding with Equity in Las Vegas, NV 89135",hard-money-jr-lien-cash-out-refinance,http://localhost:8090/funded-loan/hard-money-jr-lien-cash-out-refinance/,/funded-loans/hard-money-jr-lien-cash-out-refinance/
funded-loan,8369,"Non-QM Bank Statement Program 30 Year Fixed in Los Angeles, CA 90029",non-qm-bank-statement-30-year-fixed,http://localhost:8090/funded-loan/non-qm-bank-statement-30-year-fixed/,/funded-loans/non-qm-bank-statement-30-year-fixed/
funded-loan,8368,"Non-QM Profit and Loss No Cash-Out Refinance – Fixed Rate Owner Occupied in Lahaina, HI 96761",non-qm-profit-loss-no-cashout-fixed-owner-occupied,http://localhost:8090/funded-loan/non-qm-profit-loss-no-cashout-fixed-owner-occupied/,/funded-loans/non-qm-profit-loss-no-cashout-fixed-owner-occupied/
funded-loan,8367,Hard Money Cash Out Refinance DOC MAGIC,hard-money-cash-out-docmagic,http://localhost:8090/funded-loan/hard-money-cash-out-docmagic/,/funded-loans/hard-money-cash-out-docmagic/
funded-loan,8350,"Non-QM No Ratio Loan – Investment Property (NOO) in Yuma, AZ 85364",nonqm-pl-interest-only-noo-loan,http://localhost:8090/funded-loan/nonqm-pl-interest-only-noo-loan/,/funded-loans/nonqm-pl-interest-only-noo-loan/
funded-loan,8345,"Non-QM P&amp;L Stated Income Loan – Fixed Interest Only (NOO) in Nipomo, CA 93444",non-qm-pl-interest-only-noo-loan,http://localhost:8090/funded-loan/non-qm-pl-interest-only-noo-loan/,/funded-loans/non-qm-pl-interest-only-noo-loan/
funded-loan,8341,"Fixed Rate Second Mortgage – HELOAN (2nd TD) in Westlake Village, CA 9136",fixed-rate-second-mortgage-heloan-2nd-td-in-westlake-village-ca-9136,http://localhost:8090/funded-loan/fixed-rate-second-mortgage-heloan-2nd-td-in-westlake-village-ca-9136/,/funded-loans/fixed-rate-second-mortgage-heloan-2nd-td-in-westlake-village-ca-9136/
funded-loan,8335,"Hard Money Cash out Refinance in LOS ANGELES, CA 90048",hard-money-loan-cash-out-refinance,http://localhost:8090/funded-loan/hard-money-loan-cash-out-refinance/,/funded-loans/hard-money-loan-cash-out-refinance/
funded-loan,8332,"Non-QM No Ratio Cash-Out Refinance – Investment Property – 30-Year Fixed 70% LTV – $280,000 in Phoenix, AZ 85015",non-qm-no-ratio-cash-out-refinance-investment-property,http://localhost:8090/funded-loan/non-qm-no-ratio-cash-out-refinance-investment-property/,/funded-loans/non-qm-no-ratio-cash-out-refinance-investment-property/
funded-loan,8328,"Hard Money Cash Out Refinance, in Los Angeles,90015",hard-money-loan,http://localhost:8090/funded-loan/hard-money-loan/,/funded-loans/hard-money-loan/
funded-loan,8324,"Hard Money Loan Jr Lean in Coto De Caza, CA",hard-money-loan-6-month-interest-only,http://localhost:8090/funded-loan/hard-money-loan-6-month-interest-only/,/funded-loans/hard-money-loan-6-month-interest-only/
funded-loan,8323,"Non QM Profit and Loss IO 30 yers Fixed OO, In Pacific Grove, CA 93950",non-qm-profit-loss-io-30yr-owner-occupied,http://localhost:8090/funded-loan/non-qm-profit-loss-io-30yr-owner-occupied/,/funded-loans/non-qm-profit-loss-io-30yr-owner-occupied/
funded-loan,8319,"PenFed Heloc in Malibu,CA",penfed-heloc-home-equity-line,http://localhost:8090/funded-loan/penfed-heloc-home-equity-line/,/funded-loans/penfed-heloc-home-equity-line/
funded-loan,8315,"Conventional Conforming 30-Year Fixed – 5% Down Purchase in Menifee, CA 92585",conventional-5-percent-down-purchase-loan,http://localhost:8090/funded-loan/conventional-5-percent-down-purchase-loan/,/funded-loans/conventional-5-percent-down-purchase-loan/
funded-loan,8313,"Non-QM Investment Property Loan with No Income Verification.Woodland Hills, CA 91367",non-qm-no-ratio-investment-loan-3,http://localhost:8090/funded-loan/non-qm-no-ratio-investment-loan-3/,/funded-loans/non-qm-no-ratio-investment-loan-3/
funded-loan,8309,"No Ratio Non-QM Investor Loan in Inglewood, CA 90303",non-qm-no-ratio-investment-loan-2,http://localhost:8090/funded-loan/non-qm-no-ratio-investment-loan-2/,/funded-loans/non-qm-no-ratio-investment-loan-2/
funded-loan,8306,"Non-QM, No Income, Non- Owner Occupied, Cash Out Refinance in Santa Maria, CA 93455",non-qm-no-ratio-investment-loan,http://localhost:8090/funded-loan/non-qm-no-ratio-investment-loan/,/funded-loans/non-qm-no-ratio-investment-loan/
funded-loan,8303,"FHA 30-Year Fixed – Owner-Occupied Purchase in Marietta, GA 30064",fha-30-year-fixed-owner-occupied,http://localhost:8090/funded-loan/fha-30-year-fixed-owner-occupied/,/funded-loans/fha-30-year-fixed-owner-occupied/
funded-loan,8295,"Non QM Profit and Loss Loan Second Residence, in Yuma AZ 85364",non-qm-profit-and-loss-loan-second-residence-in-yuma-az-85364,http://localhost:8090/funded-loan/non-qm-profit-and-loss-loan-second-residence-in-yuma-az-85364/,/funded-loans/non-qm-profit-and-loss-loan-second-residence-in-yuma-az-85364/
funded-loan,8290,"Conventional 30 Years Fixed Cash Out Refinance in Kennesaw, GA 30144",conventional-30-year-fixed-pl-cash-out-refinance,http://localhost:8090/funded-loan/conventional-30-year-fixed-pl-cash-out-refinance/,/funded-loans/conventional-30-year-fixed-pl-cash-out-refinance/
funded-loan,8286,"Non QM Profit and Loss Fixed Owner Occupied in Arroyo Grande, CA 93420",non-qm-profit-and-loss-fixed-owner-occupied,http://localhost:8090/funded-loan/non-qm-profit-and-loss-fixed-owner-occupied/,/funded-loans/non-qm-profit-and-loss-fixed-owner-occupied/
funded-loan,8274,"Non QM 30 Years Fixed 1 year Profit and Loss Statement in Phoenix, AZ 85032",phoenix-az-85032,http://localhost:8090/funded-loan/phoenix-az-85032/,/funded-loans/phoenix-az-85032/
funded-loan,8272,"Non QM No Ratio NOO Cash-Out Refinance in Golden Valley , AZ 86413",non-qm-no-ratio-noo-cash-out-refinance-in-golden-valley-az-86413,http://localhost:8090/funded-loan/non-qm-no-ratio-noo-cash-out-refinance-in-golden-valley-az-86413/,/funded-loans/non-qm-no-ratio-noo-cash-out-refinance-in-golden-valley-az-86413/
funded-loan,8269,"Non QM No Ratio Non Owner Occupied, Cash Out Refinance, in San Antonio, TX 78238",non-qm-no-ratio-non-owner-occupied-cash-out-refinance-in-san-antonio-tx-78238,http://localhost:8090/funded-loan/non-qm-no-ratio-non-owner-occupied-cash-out-refinance-in-san-antonio-tx-78238/,/funded-loans/non-qm-no-ratio-non-owner-occupied-cash-out-refinance-in-san-antonio-tx-78238/
funded-loan,8265,"Conventional 15 Years Fixed, in Yuma, AZ 85364",conventional-15-years-fixed-in-yuma-az-85364,http://localhost:8090/funded-loan/conventional-15-years-fixed-in-yuma-az-85364/,/funded-loans/conventional-15-years-fixed-in-yuma-az-85364/
funded-loan,8252,"FHA 30 Year Fixed in North Hills, CA 91343",fha-30-year-fixednorth-hills-ca-91343,http://localhost:8090/funded-loan/fha-30-year-fixednorth-hills-ca-91343/,/funded-loans/fha-30-year-fixednorth-hills-ca-91343/
funded-loan,8249,"Conv 30 Year Fixed Refinance,Anaheim, CA 92805",conv-30-year-fixed-refinanceanaheim-ca-92805,http://localhost:8090/funded-loan/conv-30-year-fixed-refinanceanaheim-ca-92805/,/funded-loans/conv-30-year-fixed-refinanceanaheim-ca-92805/
funded-loan,8245,"Non QM Profit and Loss Fixed OO, in Yuma, AZ 85365",non-qm-profit-and-loss-fixed-oo-in-yuma-az-85365,http://localhost:8090/funded-loan/non-qm-profit-and-loss-fixed-oo-in-yuma-az-85365/,/funded-loans/non-qm-profit-and-loss-fixed-oo-in-yuma-az-85365/
funded-loan,8238," NonQM  Profit And Loss, Fixed OO in Beverly Hills, CA 90210",non-qm-profit-and-loss-fixed-oo-in,http://localhost:8090/funded-loan/non-qm-profit-and-loss-fixed-oo-in/,/funded-loans/non-qm-profit-and-loss-fixed-oo-in/
funded-loan,8234,"40 YR Adjustable Mortgage 10 YR Interest Only in Monterey, CA 93940",40-yr-adjustable-mortgage-10-yr-interest-only-in-monterey-ca-93940,http://localhost:8090/funded-loan/40-yr-adjustable-mortgage-10-yr-interest-only-in-monterey-ca-93940/,/funded-loans/40-yr-adjustable-mortgage-10-yr-interest-only-in-monterey-ca-93940/
funded-loan,8228,"Non QM Profit and Loss  Fixed No Owner Occupied in Lahaina, HI 96761",non-qm-profit-and-loss-fixed-no-owner-occupied-in-lahaina-hi-96761,http://localhost:8090/funded-loan/non-qm-profit-and-loss-fixed-no-owner-occupied-in-lahaina-hi-96761/,/funded-loans/non-qm-profit-and-loss-fixed-no-owner-occupied-in-lahaina-hi-96761/
funded-loan,8214,Non Qm No Ratio No Owner Ocuppied Loan in Nipomo CA 93444,non-qm-no-ratio-no-owner-ocuppied-loan-in-nipomo-ca-93444,http://localhost:8090/funded-loan/non-qm-no-ratio-no-owner-ocuppied-loan-in-nipomo-ca-93444/,/funded-loans/non-qm-no-ratio-no-owner-ocuppied-loan-in-nipomo-ca-93444/
funded-loan,8208,"Retail Property Loan in Huntington Park, CA 90255",retail-property-loan,http://localhost:8090/funded-loan/retail-property-loan/,/funded-loans/retail-property-loan/
funded-loan,8204,"Non QM Profit and Loss OO Fixed Oo, Oxnard, CA 93035",non-qm-profit-loss-loan,http://localhost:8090/funded-loan/non-qm-profit-loss-loan/,/funded-loans/non-qm-profit-loss-loan/
funded-loan,8201,Conventional 30 Year Fixed in Van Nutys CA 91406,conventional-30-year-fixed-in-los-angeles-ca-91406,http://localhost:8090/funded-loan/conventional-30-year-fixed-in-los-angeles-ca-91406/,/funded-loans/conventional-30-year-fixed-in-los-angeles-ca-91406/
funded-loan,8188,Conventional 30 year fixed in Beaumont CA 92223,conventional-30-year-fixed-in-beaumont-ca-92223,http://localhost:8090/funded-loan/conventional-30-year-fixed-in-beaumont-ca-92223/,/funded-loans/conventional-30-year-fixed-in-beaumont-ca-92223/
funded-loan,8184,Conventional 30 Years Fixed Mortgage  In San Dimas CA 91773,conventional-30-years-fixed-mortgage-in-san-dimas-ca-91773,http://localhost:8090/funded-loan/conventional-30-years-fixed-mortgage-in-san-dimas-ca-91773/,/funded-loans/conventional-30-years-fixed-mortgage-in-san-dimas-ca-91773/
funded-loan,8179,"Non QM Profit and Loss OO Fixed in Santa Rosa Valley, CA 93012",non-qm-profit-and-loss-oo-fixed-in-santa-rosa-valley-ca-93012,http://localhost:8090/funded-loan/non-qm-profit-and-loss-oo-fixed-in-santa-rosa-valley-ca-93012/,/funded-loans/non-qm-profit-and-loss-oo-fixed-in-santa-rosa-valley-ca-93012/
funded-loan,8174,"Non QM Profit and loss Mortgage In Simi Valley, CA 93065",non-qm-profit-and-loss-mortgage-in-simi-valley-ca-93065,http://localhost:8090/funded-loan/non-qm-profit-and-loss-mortgage-in-simi-valley-ca-93065/,/funded-loans/non-qm-profit-and-loss-mortgage-in-simi-valley-ca-93065/
funded-loan,8170,"Hard Money 2nd mortgage primary residence in Lahaina, HI 96761",hard-money-2nd-td-lahaina-hi-96761,http://localhost:8090/funded-loan/hard-money-2nd-td-lahaina-hi-96761/,/funded-loans/hard-money-2nd-td-lahaina-hi-96761/
funded-loan,7643,"Hard Money Fix and Flip in San Dimas, CA 91773",hard-money-fix-and-flip-in-san-dimas-ca-91773,http://localhost:8090/funded-loan/hard-money-fix-and-flip-in-san-dimas-ca-91773/,/funded-loans/hard-money-fix-and-flip-in-san-dimas-ca-91773/
funded-loan,7635,"FHA VOE Only Purchase in Calabasas, CA 91302",fha-voe-only-purchase-in-calabasas-ca-91302,http://localhost:8090/funded-loan/fha-voe-only-purchase-in-calabasas-ca-91302/,/funded-loans/fha-voe-only-purchase-in-calabasas-ca-91302/
funded-loan,7628,"Nonqm Bank Statement Mortgage in Bell Canyon, CA 91307",nonqm-bank-statement-mortgage-in-bell-canyon-ca-91307,http://localhost:8090/funded-loan/nonqm-bank-statement-mortgage-in-bell-canyon-ca-91307/,/funded-loans/nonqm-bank-statement-mortgage-in-bell-canyon-ca-91307/
funded-loan,7621,"Profit and Loss Mortgage Refinance in Lahaina, HI 96761",profit-and-loss-mortgage-refinance-in-lahaina-hi-96761,http://localhost:8090/funded-loan/profit-and-loss-mortgage-refinance-in-lahaina-hi-96761/,/funded-loans/profit-and-loss-mortgage-refinance-in-lahaina-hi-96761/
funded-loan,7610,"Bank Statement Mortgage in Los Angeles CA, 90029",bank-statement-mortgage-in-los-angeles-ca,http://localhost:8090/funded-loan/bank-statement-mortgage-in-los-angeles-ca/,/funded-loans/bank-statement-mortgage-in-los-angeles-ca/
funded-loan,7541,"NonQM Profit and Loss Mortgage in Nipomo, CA 93444",funded-nonqm-profit-and-loss-purchase-nipomo-ca-93444,http://localhost:8090/funded-loan/funded-nonqm-profit-and-loss-purchase-nipomo-ca-93444/,/funded-loans/funded-nonqm-profit-and-loss-purchase-nipomo-ca-93444/
blog,7774,Financial Privacy Policy,financial-privacy-policy,http://localhost:8090/financial-privacy-policy/,/blog/financial-privacy-policy/
blog,3234,Recently Funded Stated Income Commercial Loans,self-declared-income-commercial-loans,http://localhost:8090/self-declared-income-commercial-loans/,/blog/self-declared-income-commercial-loans/
blog,3232,Stated Income Cash Out 70% LTV,stated-income-cash-out-70-ltv-2,http://localhost:8090/stated-income-cash-out-70-ltv-2/,/blog/stated-income-cash-out-70-ltv-2/
blog,3228,Super Jumbo Stated Mortgage Low Doc,super-jumbo-stated-mortgage-low-doc-3,http://localhost:8090/super-jumbo-stated-mortgage-low-doc-3/,/blog/super-jumbo-stated-mortgage-low-doc-3/
blog,3226,Super Jumbo Stated Mortgage Low Doc,super-jumbo-stated-mortgage-low-doc-2,http://localhost:8090/super-jumbo-stated-mortgage-low-doc-2/,/blog/super-jumbo-stated-mortgage-low-doc-2/
blog,3224,Super Jumbo Stated Mortgage Low Doc,super-jumbo-stated-mortgage-low-doc,http://localhost:8090/super-jumbo-stated-mortgage-low-doc/,/blog/super-jumbo-stated-mortgage-low-doc/
blog,336,Stated Income Cash Out 70% LTV,stated-income-cash-out-70-ltv,http://localhost:8090/stated-income-cash-out-70-ltv/,/blog/stated-income-cash-out-70-ltv/
blog,31,Stated Income Commercial Loans,stated-income-commercial-loans,http://localhost:8090/stated-income-commercial-loans/,/blog/stated-income-commercial-loans/
page,9260,Affiliate Registration,affiliate-registration,http://localhost:8090/affiliate-registration/,/affiliate-registration/
page,9259,Affiliate Login,affiliate-login,http://localhost:8090/affiliate-login/,/affiliate-login/
page,9258,Affiliate Area,affiliate-area,http://localhost:8090/affiliate-area/,/affiliate-area/
page,8990,Elementor Page #8990,elementor-page-8990,http://localhost:8090/elementor-page-8990/,/elementor-page-8990/
page,7779,Disclosures Licenses,disclosures-licenses,http://localhost:8090/disclosures-licenses/,/disclosures-licenses/
page,7778,Disclaimer,disclaimer,http://localhost:8090/disclaimer/,/disclaimer/
page,6772,Distressed Property Buying,distressed-property-buying,http://localhost:8090/financial-services/distressed-property-buying/,/distressed-property-buying/
page,5678,Land Loans,land-loans,http://localhost:8090/land-loans/,/land-loans/
page,5674,NonQM Loans,nonqm-loans,http://localhost:8090/nonqm-loans/,/nonqm-loans/
page,3282,Merchant Account Credit Card Processing,merchant-account-credit-card-processing,http://localhost:8090/financial-services-2/merchant-account-credit-card-processing/,/merchant-account-credit-card-processing/
page,3281,Debt Settlement Reduction,debt-settlement-reduction,http://localhost:8090/financial-services-2/debt-settlement-reduction/,/debt-settlement-reduction/
page,3280,Short Sales,short-sales,http://localhost:8090/financial-services-2/short-sales/,/short-sales/
page,3279,Loan Modifications,loan-modifications,http://localhost:8090/financial-services-2/loan-modifications/,/loan-modifications/
page,3278,Locations,locations,http://localhost:8090/locations/,/locations/
page,3276,Business Loans,business-loans,http://localhost:8090/financial-services-2/business-loans/,/business-loans/
page,3275,Commercial Property Hard Money Mortgage Loans from 6.99%,commercial-hard-money-loans,http://localhost:8090/commercial-hard-money-loans/,/commercial-hard-money-loans/
page,3274,Residential Hard Money Loans,residential-hard-money-loans,http://localhost:8090/residential-hard-money-loans/,/residential-hard-money-loans/
page,3272,VA Purchase 100% Financing,va-purchase-100-financing,http://localhost:8090/verterain-va-loans/va-purchase-100-financing/,/va-purchase-100-financing/
page,3271,VA Loans,verterain-va-loans,http://localhost:8090/verterain-va-loans/,/verterain-va-loans/
page,3267,Industrial Property Financing,industrial-property-loans-2,http://localhost:8090/industrial-property-loans-2/,/industrial-property-loans-2/
page,3266,Office Building Loans,office-building-loans,http://localhost:8090/office-building-loans/,/office-building-loans/
page,3265,Apartment Financing Mortgage Loans,apartment-finance-mortgage-loans,http://localhost:8090/apartment-finance-mortgage-loans/,/apartment-finance-mortgage-loans/
page,3264,Stated Income Commercial  Loans,commercial-mortgages,http://localhost:8090/commercial-mortgages/,/commercial-mortgages/
page,3263,Hotel Loans,hotel-loans,http://localhost:8090/hotel-loans/,/hotel-loans/
page,3262,Conventional Residential Mortgages,conventional-residential-mortgages,http://localhost:8090/conventional-residential-mortgages/,/conventional-residential-mortgages/
page,3259,Commercial Construction Mortgage Loans,commercial-construction-mortgage-loans,http://localhost:8090/commercial-construction-mortgage-loans/,/commercial-construction-mortgage-loans/
page,3257,Construction Hard Money Loans,construction-hard-money-loans,http://localhost:8090/construction-hard-money-loans/,/construction-hard-money-loans/
page,3256,Raw Land Hard Money Loans,raw-land-hard-money-loans-2,http://localhost:8090/raw-land-hard-money-loans-2/,/raw-land-hard-money-loans-2/
page,3255,Custom Mortgage &#8211; Nationwide Lender,cmre,http://localhost:8090/,/cmre/
page,3253,Contact Us,contact-us,http://localhost:8090/cmre/contact-us/,/contact-us/
page,3250,About Us &#8211; CMRE,about-us-cmre,http://localhost:8090/cmre/about-us-cmre/,/about-us-cmre/
page,3248,FAQ,faq,http://localhost:8090/cmre/faq/,/faq/
page,3247,Residential Mortgages,home-loans,http://localhost:8090/home-loans/,/home-loans/
page,3242,Hard Money Mortgage Loans from 6.99%,hard-money-mortgage-loans,http://localhost:8090/hard-money-mortgage-loans/,/hard-money-mortgage-loans/
page,6839,Nonqm Stated No Income Doc Mortgage Loans,stated-income-loans,http://localhost:8090/stated-income-loans/,/stated-income-loans/
page,3240,Nonqm Stated No Income Doc Mortgage Loans,nonqm-stated-no-doc-income-mortgage-loans,http://localhost:8090/nonqm-stated-no-doc-income-mortgage-loans/,/nonqm-stated-no-doc-income-mortgage-loans/
page,3238,Request Call Back,request-call-back,http://localhost:8090/request-call-back/,/request-call-back/
page,3237,Welcome &#8211; bkup,welcome-bkup,http://localhost:8090/welcome-bkup/,/welcome-bkup/
page,6838,Commercial Mortgage Loans from 5%,commercial-mortgage-loans,http://localhost:8090/commercial-mortgage-loans/,/commercial-mortgage-loans/
page,2906,Groups,groups,http://localhost:8090/groups/,/groups/
page,2885,Fix and Hold Loans,fix-and-hold-loans,http://localhost:8090/fix-and-hold-loans/,/fix-and-hold-loans/
page,2880,Jumbo Stated Income Mortgage Loans,jumbo-stated-income-mortgage-loans,http://localhost:8090/jumbo-stated-income-mortgage-loans/,/jumbo-stated-income-mortgage-loans/
page,2872,Raw Land Hard Money Loans,raw-land-hard-money-loans,http://localhost:8090/raw-land-hard-money-loans/,/raw-land-hard-money-loans/
page,2866,No Income Verification Mortgage,no-income-verification-mortgage,http://localhost:8090/no-income-verification-mortgage/,/no-income-verification-mortgage/
page,2863,Super Jumbo Commercial Mortgage Loans,commercial-super-jumbo-commercial-loans,http://localhost:8090/home/commercial-super-jumbo-commercial-loans/,/commercial-super-jumbo-commercial-loans/
page,2753,TRUST DEED INVESTING | HIGH RETURNS ON HARD MONEY LOANS,trust-deed-investing-high-returns-on-hard-money-loans,http://localhost:8090/trust-deed-investing-high-returns-on-hard-money-loans/,/trust-deed-investing-high-returns-on-hard-money-loans/
page,2699,Thank-You Page,registration-complete,http://localhost:8090/registration-complete/,/registration-complete/
page,2697,Protected Content,protected-content,http://localhost:8090/protected-content/,/protected-content/
page,2696,Membership List,memberships,http://localhost:8090/memberships/,/memberships/
page,2678,Email Policy,email-policy,http://localhost:8090/cmre/email-policy/,/email-policy/
page,2673,Terms of Use,terms-of-use,http://localhost:8090/terms-of-use/,/terms-of-use/
page,2672,Privacy Policy,privacy-policy,http://localhost:8090/privacy-policy/,/privacy-policy/
page,2670,Password Reset,password-reset,http://localhost:8090/password-reset/,/password-reset/
page,2668,Logout,logout,http://localhost:8090/logout/,/logout/
page,2667,Members,members,http://localhost:8090/members/,/members/
page,2666,Register,register,http://localhost:8090/register/,/register/
page,2664,User,user,http://localhost:8090/user/,/user/
page,2655,Affiliate Terms and Conditions,terms-and-conditions,http://localhost:8090/cmre/terms-and-conditions/,/terms-and-conditions/
page,2561,No Income Verification Mortgage,no-income-verification-mortgage,http://localhost:8090/home/no-income-verification-mortgage/,/no-income-verification-mortgage/
page,2542,Fix and Flip Rehab Mortgage Loans from 6.99%,fix-flip-rehab-loan-rehab-mortgage-loans,http://localhost:8090/home/fix-flip-rehab-loan-rehab-mortgage-loans/,/fix-flip-rehab-loan-rehab-mortgage-loans/
page,6837,File Upload,file-upload,http://localhost:8090/cmre/file-upload/,/file-upload/
page,2515,File Upload Page,file-upload-page,http://localhost:8090/file-upload-page/,/file-upload-page/
page,2418,Funded Transations,funded-transations,http://localhost:8090/funded-transations/,/funded-transations/
page,1983,Initial Loan Application,initial-loan-application,http://localhost:8090/initial-loan-application/,/initial-loan-application/
page,2176,News,news-3,http://localhost:8090/news-3/,/news-3/
page,1016,Permission Statement,permission-statement,http://localhost:8090/permission-statement/,/permission-statement/
page,1005,Soft Money Loans,soft-money-loans,http://localhost:8090/soft-money-loans/,/soft-money-loans/
page,957,Sub Prime Loans,sub-prime-loans,http://localhost:8090/sub-prime-loans/,/sub-prime-loans/
page,955,Rehab Loans,rehab-loans,http://localhost:8090/rehab-loans/,/rehab-loans/
page,897,Short Sale Investors,short-sale-investors,http://localhost:8090/short-sale-investors/,/short-sale-investors/
page,806,Recent Funded Projects,projects,http://localhost:8090/projects/,/projects/
page,705,Site Map,site_map,http://localhost:8090/site_map/,/site_map/
page,696,Gas Station Loans,gas-station-loans,http://localhost:8090/commercial-loans/gas-station-loans/,/gas-station-loans/
page,690,Glossary,glossary,http://localhost:8090/glossary/,/glossary/
page,623,Physician Loans,physician-loans,http://localhost:8090/physician-loans/,/physician-loans/
page,199,Stated Income Personal Line of Credit,stated-income-personal-line-of-credit,http://localhost:8090/home/stated-income-personal-line-of-credit/,/stated-income-personal-line-of-credit/
page,197,Stated Income Business Line of Credit,stated-income-business-line-of-credit,http://localhost:8090/home/stated-income-business-line-of-credit/,/stated-income-business-line-of-credit/
page,195,Stated Income Business Loans,stated-income-business-loans,http://localhost:8090/home/stated-income-business-loans/,/stated-income-business-loans/
page,39,Stated Income Residential Loans,home-mortgages,http://localhost:8090/home/home-mortgages/,/home-mortgages/
page,190,Raw Land Hard Money Loans,raw-land-hard-money-loans,http://localhost:8090/raw-land-hard-money-loans/,/raw-land-hard-money-loans/
page,188,Construction Hard Money Loans,construction-hard-money-loans-2,http://localhost:8090/construction-hard-money-loans-2/,/construction-hard-money-loans-2/
page,185,Credit Repair,business-management-consulting,http://localhost:8090/financial-services/business-management-consulting/,/business-management-consulting/
page,183,Financial Consulting,financial-consulting,http://localhost:8090/financial-services/financial-consulting/,/financial-consulting/
page,181,Merchant Account Credit Card Processing,merchant-account-credit-card-processing,http://localhost:8090/financial-services/merchant-account-credit-card-processing/,/merchant-account-credit-card-processing/
page,178,Debt Settlement Reduction,debt-settlement-reduction,http://localhost:8090/financial-services/debt-settlement-reduction/,/debt-settlement-reduction/
page,176,Short Sales,short-sales,http://localhost:8090/financial-services/short-sales/,/short-sales/
page,174,Loan Modifications,loan-modifications,http://localhost:8090/financial-services/loan-modifications/,/loan-modifications/
page,160,Business Loans,business-loans,http://localhost:8090/financial-services/business-loans/,/business-loans/
page,140,Commercial Construction Loans,commercial-construction-loans,http://localhost:8090/commercial-loans/commercial-construction-loans/,/commercial-construction-loans/
page,138,Commercial Hard Money Mortgage Loans,commercial-hard-money-mortgage-loans,http://localhost:8090/commercial-loans/commercial-hard-money-mortgage-loans/,/commercial-hard-money-mortgage-loans/
page,136,Residential Hard Money Loans,residential-hard-money-loans-2,http://localhost:8090/residential-hard-money-loans-2/,/residential-hard-money-loans-2/
page,134,Reverse Mortgage Loan Programs,reverse-mortgages-loan-programs,http://localhost:8090/reverse-mortgages-loan-programs/,/reverse-mortgages-loan-programs/
page,132,Construction Loans,construction-loans-2,http://localhost:8090/construction-loans-2/,/construction-loans-2/
page,130,VA Purchase 100% Financing,va-purchase-100-financing,http://localhost:8090/verterain-va-loans-2/va-purchase-100-financing/,/va-purchase-100-financing/
page,128,VA Loans,verterain-va-loans-2,http://localhost:8090/verterain-va-loans-2/,/verterain-va-loans-2/
page,126,Fannie Mae Purchase 3% Down,fannie-mae-purchase-3-down,http://localhost:8090/fannie-mae-purchase-3-down/,/fannie-mae-purchase-3-down/
page,122,FHA Purchase 3.5% Down,fha-purchase-3-5-down,http://localhost:8090/fha-purchase-3-5-down/,/fha-purchase-3-5-down/
page,120,FHA Streamline Mortgage Loans,fha-streamline-mortgage-loans,http://localhost:8090/fha-streamline-mortgage-loans/,/fha-streamline-mortgage-loans/
page,116,Residential Mortgage Loans,residential-mortgage-loans,http://localhost:8090/residential-mortgage-loans/,/residential-mortgage-loans/
page,90,Conduit Loans,conduit-loans,http://localhost:8090/commercial-loans/conduit-loans/,/conduit-loans/
page,84,Industrial Property Financing,industrial-property-loans,http://localhost:8090/industrial-property-loans/,/industrial-property-loans/
page,82,Retail Property Loans,retail-property-loans,http://localhost:8090/commercial-loans/retail-property-loans/,/retail-property-loans/
page,80,Hotel Loans,hotel-loans,http://localhost:8090/commercial-loans/hotel-loans/,/hotel-loans/
page,76,Office Building Loans,office-building-loans,http://localhost:8090/commercial-loans/office-building-loans/,/office-building-loans/
page,5,Stated Income Commercial Mortgage Loans,commercial-mortgages,http://localhost:8090/home/commercial-mortgages/,/commercial-mortgages/
